null.deviance,df.null,logLik,AIC,BIC,deviance,df.residual,model
3946.9092880429453,3116,-1035.7180775388354,2081.4361550776707,2111.6592864765075,2071.4361550776707,3112,binom
